CODE,EOU1,EOU2,EOU3,EOU4,PU1,PU2,PU3,PU4,FC1,FC2,FC3,FC4,CC1,CC2,CC3,CC4,CD1,CD2,CD3,CD4,LC1,LC2,LC3,LC4,SP1,SP2,SP3,SP4,Gender,Year of school
1,3,4,4,4,2,2,3,3,3,2,3,3,3,3,3,3,4,4,4,4,3,4,2,3,3,3,3,3,Female,First year
2,3,3,3,3,3,3,4,4,4,4,5,5,4,4,4,4,4,4,2,2,4,4,5,4,5,5,4,4,Female,First year
3,3,3,4,4,3,4,4,3,4,3,4,4,4,3,4,4,3,3,2,2,4,5,5,4,4,4,4,3,Female,Second year
4,2,2,2,3,2,3,3,2,3,2,2,3,3,3,3,4,3,3,2,2,2,2,2,2,3,2,2,3,Female,Third year
5,2,3,3,2,1,2,2,3,3,2,3,3,3,4,3,3,3,3,3,3,3,3,3,3,2,1,2,3,Male,First year
6,3,4,4,3,2,2,3,3,3,3,3,3,4,4,3,5,2,2,3,2,2,3,2,2,2,3,3,2,Female,Fourth year
7,3,4,3,3,2,2,3,2,4,3,4,3,3,4,3,3,5,5,4,4,3,3,4,3,4,3,3,4,Female,Third year
8,3,3,3,3,3,3,3,3,4,3,3,4,4,3,4,4,4,4,4,4,4,4,5,4,4,5,4,4,Female,First year
9,3,3,4,4,3,2,3,3,3,3,3,4,3,4,3,4,4,4,4,4,3,4,3,3,3,3,4,4,Female,Second year
10,3,3,3,3,2,3,3,3,3,4,4,4,4,4,3,3,4,4,3,3,4,4,4,4,4,3,4,3,Female,Second year
11,4,3,3,3,2,2,3,3,3,2,3,3,4,4,4,3,3,3,3,3,3,3,3,3,3,4,3,3,Female,First year
12,3,3,3,3,3,2,3,3,2,3,3,3,2,2,3,3,3,3,3,2,3,3,3,3,3,3,3,3,Male,Third year
13,3,3,3,3,3,3,3,4,3,3,3,3,3,3,2,2,3,3,3,3,3,2,3,3,2,3,2,1,Male,Fourth year
14,3,3,4,3,3,3,4,4,4,3,3,3,4,4,4,4,4,4,5,5,4,3,3,4,4,4,4,3,Female,First year
15,3,3,4,3,3,3,3,4,4,3,3,4,4,4,4,4,4,4,4,4,4,5,4,4,3,4,4,4,Female,Third year
16,3,4,4,3,2,2,3,3,5,3,3,4,3,3,3,4,3,3,4,2,4,3,3,4,3,4,3,2,Male,Fourth year
17,4,4,4,3,3,2,4,3,4,3,3,4,3,4,3,3,3,3,3,3,4,4,4,4,4,4,4,5,Female,Third year
18,4,4,4,4,2,3,3,3,4,4,3,4,5,4,4,4,3,3,3,2,4,3,4,4,3,5,4,3,Female,Second year
19,2,2,3,3,2,3,2,3,2,2,2,2,3,2,2,2,4,4,3,3,2,2,2,2,2,2,2,2,Female,Fourth year
20,2,3,3,3,3,3,3,3,3,3,3,3,4,3,3,4,3,3,2,2,3,3,3,3,3,3,3,4,Male,Second year
21,3,4,4,3,2,2,3,4,3,3,3,4,3,3,3,3,3,3,3,4,3,3,3,3,4,4,4,5,Male,First year
22,4,3,4,3,3,3,3,3,3,3,3,4,4,4,4,4,3,3,5,4,3,3,4,3,4,3,3,3,Male,Second year
23,4,5,5,5,3,4,4,4,5,4,4,4,4,5,4,4,3,3,3,3,5,4,5,5,5,4,5,4,Male,Second year
24,4,4,4,4,2,2,2,3,3,2,3,3,4,4,4,3,4,4,4,4,4,4,4,4,4,4,4,3,Female,Third year
25,4,4,4,4,3,3,4,4,3,3,3,3,3,2,2,3,4,4,2,3,4,3,3,4,5,5,4,4,Male,First year
26,3,3,3,3,3,3,4,5,4,3,4,4,3,3,4,2,4,4,4,4,4,4,4,4,3,3,3,3,Male,First year
27,4,2,3,3,3,4,4,4,4,4,4,4,5,4,4,4,4,4,3,3,3,4,3,3,5,4,4,4,Male,Third year
28,3,3,4,4,2,3,3,4,3,3,4,4,3,4,4,3,3,3,4,3,4,3,4,4,3,4,5,4,Female,First year
29,2,3,3,2,3,2,3,3,2,2,3,3,3,3,3,3,2,2,3,2,2,2,2,2,1,2,1,2,Female,First year
30,2,4,4,3,2,3,2,3,4,3,4,4,4,4,4,4,4,4,4,4,4,4,4,4,3,3,3,3,Male,Second year
31,4,4,4,4,4,3,4,4,4,3,4,4,4,3,4,4,4,4,4,4,3,3,4,3,4,5,4,5,Female,Third year
32,4,4,3,3,3,3,4,4,3,3,3,3,3,3,3,3,4,4,4,4,3,3,4,3,3,4,4,3,Female,First year
33,4,3,3,4,2,2,2,3,3,2,3,3,2,3,3,3,3,3,4,4,3,2,2,3,2,3,2,3,Female,First year
34,4,3,4,4,3,3,3,4,3,3,3,4,4,3,4,4,4,4,4,4,4,4,3,4,3,4,3,4,Male,Fourth year
35,3,4,3,4,3,3,4,3,3,4,4,5,4,5,4,4,4,4,4,4,4,4,3,4,4,4,3,4,Female,First year
36,3,3,3,3,3,3,4,5,3,3,3,3,3,5,4,3,4,4,4,2,3,4,4,3,4,4,4,4,Male,Second year
37,5,4,5,5,3,3,4,4,4,4,4,4,5,4,5,4,4,4,4,4,5,5,5,5,4,4,5,5,Male,Second year
38,3,4,4,3,2,1,3,2,3,3,4,4,2,3,3,3,2,3,3,2,2,4,3,2,4,3,4,3,Male,Second year
39,3,3,3,2,3,3,4,3,4,2,3,3,3,3,3,3,2,2,2,2,3,3,3,3,2,2,2,2,Male,Second year
40,3,3,3,3,3,3,3,3,2,3,2,3,3,4,4,4,3,3,4,3,5,4,4,5,3,3,3,4,Male,First year
41,3,3,3,3,4,4,4,4,3,3,4,3,4,4,4,4,4,4,4,4,4,4,4,4,3,4,4,4,Female,Second year
42,4,4,3,3,3,3,4,3,4,2,4,4,4,4,4,4,3,3,3,3,4,4,4,4,4,3,4,4,Female,Third year
43,3,3,3,4,4,4,4,5,4,4,4,4,4,3,4,3,4,5,4,4,4,3,4,4,4,4,4,5,Female,Second year
44,3,3,3,2,2,3,4,2,3,3,3,4,5,4,4,5,3,2,3,3,3,3,3,3,3,4,3,3,Female,Third year
45,4,3,3,3,3,3,3,4,4,2,3,3,3,2,3,3,3,3,2,3,3,4,3,3,2,3,3,4,Male,Second year
46,3,3,4,4,3,3,4,3,3,3,4,4,3,3,2,3,4,4,4,4,3,4,3,3,3,3,3,3,Female,Second year
47,4,4,4,4,4,3,4,4,5,4,5,4,3,4,3,4,5,4,5,2,4,3,3,4,4,4,4,4,Female,First year
48,4,3,4,4,4,3,4,4,5,4,4,5,3,4,4,3,4,3,4,4,4,4,4,4,4,4,4,3,Female,Second year
49,4,4,5,3,3,2,3,3,4,4,4,5,4,4,4,4,4,4,4,4,5,4,5,5,5,5,4,3,Male,Third year
50,2,3,3,3,1,1,2,2,3,3,3,2,3,3,3,3,3,3,2,3,2,1,1,2,2,2,2,2,Female,Fourth year
51,2,2,2,2,3,3,4,4,3,3,3,4,3,2,3,2,3,3,3,3,3,3,3,3,2,3,2,3,Female,Fourth year
52,3,4,3,4,4,4,5,5,3,2,2,3,3,3,3,2,3,3,3,3,3,3,3,3,4,3,4,4,Female,Fourth year
53,4,4,3,3,3,2,3,3,4,3,4,4,4,4,4,4,4,4,3,4,3,3,3,3,4,4,4,4,Female,Second year
54,3,3,4,3,2,2,2,2,4,4,4,5,4,4,3,3,3,4,3,3,5,3,4,5,3,3,3,4,Female,Third year
55,4,5,5,4,3,2,2,3,4,3,3,3,4,4,4,3,3,4,4,3,4,4,4,4,3,4,2,4,Female,Third year
56,4,3,3,3,3,2,4,4,5,4,4,5,3,3,3,3,3,4,4,3,4,3,3,4,4,4,4,4,Female,Third year
57,3,4,3,3,3,3,3,2,3,3,4,5,4,4,4,4,2,3,2,2,4,3,3,4,3,2,3,3,Female,Second year
58,4,3,3,3,4,4,4,4,3,3,3,3,3,4,2,3,3,3,3,3,3,3,3,3,4,3,3,4,Female,Fourth year
59,3,4,4,4,3,3,4,4,4,3,3,3,4,4,4,3,4,5,4,4,3,3,3,3,3,4,3,3,Female,Third year
60,4,4,4,3,3,3,3,3,3,3,3,3,5,3,4,4,4,3,4,4,4,4,4,4,3,3,3,3,Female,Third year
61,3,3,3,3,2,2,3,2,3,3,3,3,4,3,2,3,2,3,3,2,2,4,3,2,3,3,3,2,Female,Third year
62,3,3,3,3,2,2,2,3,3,3,4,3,3,4,4,4,3,3,2,3,3,2,3,3,3,3,2,3,Female,Second year
63,4,3,4,2,4,4,4,4,3,2,3,3,4,4,4,3,3,3,3,3,3,4,3,3,5,5,4,4,Female,Fourth year
64,3,3,4,4,2,2,3,3,3,3,4,4,3,3,4,3,3,2,3,3,3,4,3,3,3,2,2,3,Male,Fourth year
65,4,3,4,3,3,3,4,3,4,4,4,4,4,4,5,4,4,4,2,2,4,4,4,4,3,3,4,4,Female,Fourth year
66,4,4,4,4,3,3,4,4,4,4,3,4,4,3,4,3,4,2,2,2,5,4,4,5,5,4,4,4,Female,Third year
67,2,2,2,2,4,4,4,4,4,3,4,4,4,4,4,4,4,3,3,4,4,4,4,4,4,4,4,4,Female,Second year
68,2,3,3,3,2,3,3,3,4,3,3,3,3,3,3,2,3,4,4,3,4,4,3,4,4,3,4,4,Male,Third year
69,3,2,3,3,3,3,2,2,3,2,4,3,3,3,3,3,3,2,3,3,3,2,3,3,2,2,2,2,Female,Fourth year
70,3,3,4,3,4,3,4,4,4,4,4,4,4,4,3,4,3,4,4,3,5,5,4,5,5,3,4,4,Female,First year
71,4,3,3,4,2,3,3,3,4,3,3,4,4,4,4,4,4,4,5,3,2,3,3,2,3,3,4,3,Male,Second year
72,4,4,4,4,3,3,4,4,5,4,5,4,4,4,4,4,3,4,3,3,3,3,4,3,4,3,3,4,Female,First year
73,3,3,4,3,2,2,2,3,2,2,3,2,2,3,2,2,2,2,3,2,3,3,3,3,2,3,2,3,Female,Fourth year
74,3,2,2,3,1,2,2,3,3,2,3,3,3,3,3,3,2,3,3,2,3,3,3,3,2,2,2,2,Female,First year
75,2,1,2,2,3,3,4,3,2,2,3,3,2,3,3,2,3,4,3,3,3,3,4,3,2,3,2,2,Female,Fourth year
76,3,4,4,4,3,3,4,4,4,4,4,4,4,4,4,4,3,3,3,3,4,4,3,4,3,4,4,4,Female,Third year
77,3,3,3,2,2,2,3,3,3,3,4,3,3,3,3,3,3,4,4,3,3,3,3,3,2,3,3,3,Female,Third year
78,3,3,3,3,2,3,3,4,3,3,3,4,4,3,3,3,5,3,4,2,3,4,3,3,4,3,4,4,Male,Second year
79,4,4,4,4,3,2,3,2,3,3,3,4,4,3,3,3,3,4,4,3,3,3,3,3,3,3,3,3,Male,Fourth year
80,4,4,4,4,4,4,5,4,5,3,5,3,4,4,3,4,4,4,4,4,5,5,5,5,3,4,4,4,Male,Third year
81,3,2,2,3,2,3,3,2,2,2,3,3,3,4,3,3,4,5,4,4,3,2,3,3,3,2,3,3,Male,First year
82,3,3,3,4,2,3,4,4,3,3,4,4,3,2,2,2,3,4,4,3,3,3,4,3,3,4,3,3,Male,Second year
83,2,2,2,3,3,2,3,3,1,2,2,2,4,3,4,3,4,4,4,4,2,3,2,2,3,3,3,4,Female,Third year
84,4,3,3,3,2,3,3,2,4,3,3,4,3,4,4,3,3,4,3,3,4,3,4,4,3,3,3,3,Male,First year
85,4,3,3,4,2,2,3,3,3,3,3,3,3,2,2,2,3,4,4,3,4,3,3,4,3,3,4,3,Male,Fourth year
86,3,2,3,3,3,3,3,4,3,3,3,3,2,2,3,2,3,3,3,3,4,3,3,4,3,3,3,2,Male,First year
87,2,3,3,3,4,3,3,3,2,1,2,3,3,4,3,2,3,3,4,3,4,3,3,4,2,2,2,3,Female,Third year
88,4,5,4,4,3,2,4,4,3,3,3,3,4,4,4,4,4,4,4,3,4,3,4,4,4,4,3,3,Male,First year
89,2,3,3,3,3,3,4,4,4,3,3,4,2,3,4,3,3,3,3,3,3,3,4,3,3,3,3,3,Female,First year
90,4,4,3,3,3,3,4,3,3,2,3,3,3,3,3,3,4,4,4,4,3,3,3,3,3,3,4,3,Male,Fourth year
91,4,4,3,4,3,3,3,3,4,4,4,4,3,3,2,2,3,4,3,3,4,4,4,4,3,3,3,3,Male,Third year
92,3,3,4,4,3,3,4,4,2,1,1,2,3,4,4,3,4,3,3,4,3,4,4,3,4,4,3,3,Female,Second year
93,4,4,3,3,4,4,5,4,3,4,3,4,3,3,3,3,3,3,3,3,4,4,4,4,4,4,4,4,Male,Second year
94,4,3,4,4,3,3,4,4,3,3,3,4,4,4,4,3,4,4,4,4,5,4,4,5,5,4,4,3,Female,Third year
95,4,4,4,4,3,3,4,4,4,4,5,4,4,4,4,4,4,4,4,4,5,4,4,5,4,5,5,4,Female,Third year
96,4,3,3,3,4,4,5,5,4,3,3,4,4,5,5,4,4,4,4,4,4,4,4,4,4,5,4,4,Male,Fourth year
97,5,4,4,4,2,3,3,3,3,2,3,4,3,3,3,3,4,4,4,4,3,4,4,3,4,3,3,4,Male,Fourth year
98,3,2,3,3,3,3,3,4,3,3,3,3,3,4,2,4,3,3,4,3,3,3,3,3,3,2,3,4,Female,First year
99,5,4,3,5,3,3,3,4,5,4,5,4,3,4,3,5,4,4,4,4,3,3,4,3,4,3,4,4,Female,Third year
100,3,3,3,3,2,3,3,3,4,2,3,3,4,4,3,4,4,3,4,4,2,3,2,2,4,4,4,3,Female,Third year
101,3,3,3,3,3,2,3,3,4,4,4,4,4,4,4,4,2,4,4,4,5,4,5,5,4,3,4,5,Male,Second year
102,4,4,3,5,3,4,5,4,4,3,3,3,4,3,4,3,4,4,4,4,4,3,3,4,4,5,4,4,Male,First year
103,3,4,4,4,3,3,4,4,4,3,4,4,3,4,3,3,3,3,4,3,4,4,3,4,3,3,3,3,Male,Fourth year
104,3,2,3,3,3,3,4,4,3,2,3,3,3,3,3,3,4,3,4,4,5,3,3,5,3,3,3,4,Male,Third year
105,3,4,4,4,2,3,3,3,4,3,4,3,3,3,3,3,3,3,3,3,2,2,3,2,3,2,3,2,Female,Fourth year
106,3,3,3,3,3,4,4,4,4,3,3,3,3,3,3,3,4,4,4,4,3,3,3,3,4,4,4,4,Female,Fourth year
107,3,3,3,2,3,4,4,4,3,2,3,3,3,3,4,3,2,3,3,2,4,5,4,4,4,4,4,4,Male,Fourth year
108,3,3,4,3,3,4,3,4,5,5,5,5,3,3,3,3,4,4,3,4,3,3,3,3,4,4,3,4,Male,Third year
109,3,3,3,3,3,3,4,4,4,3,4,3,3,3,3,3,4,4,4,4,4,3,4,4,3,3,3,4,Male,Second year
110,4,4,4,4,2,2,2,2,3,3,3,3,3,2,3,3,2,3,2,2,1,3,3,1,2,2,3,3,Male,Second year
111,2,2,2,2,2,2,2,3,4,2,3,4,2,2,3,2,4,5,4,4,3,2,2,3,2,2,2,3,Female,Second year
112,3,3,4,3,2,2,2,2,2,2,2,3,3,3,4,3,2,3,3,3,3,2,2,3,2,3,3,3,Female,First year
113,3,3,4,4,3,4,4,4,5,4,5,4,5,5,4,4,4,3,3,4,5,5,5,5,5,4,5,5,Male,Fourth year
114,4,4,3,3,2,3,3,4,3,2,2,2,3,3,3,3,2,4,4,4,3,2,3,3,3,3,3,3,Female,First year
115,3,3,4,3,2,2,2,3,3,3,3,4,4,4,4,3,3,2,3,3,2,2,3,2,3,3,3,3,Female,Third year
116,4,4,4,3,3,3,4,4,5,3,4,4,4,5,5,4,4,4,3,4,4,4,3,4,4,4,3,4,Male,Fourth year
117,4,3,3,3,3,4,4,4,3,2,3,3,3,4,3,3,3,3,3,3,3,3,3,3,4,3,4,4,Male,Second year
118,4,4,5,4,3,3,3,4,4,4,4,4,4,3,3,4,4,4,5,4,4,3,4,4,4,5,5,4,Male,Second year
119,3,4,3,3,3,3,3,3,3,3,3,3,5,4,3,4,4,3,4,4,3,3,4,4,3,4,3,3,Female,Fourth year
120,4,3,3,3,2,3,3,3,3,2,3,3,3,3,4,3,3,4,4,3,3,3,3,3,3,4,3,3,Male,Fourth year
121,3,3,3,3,3,3,3,3,3,2,3,2,3,4,4,4,3,3,3,3,3,2,2,2,3,3,4,3,Male,Second year
122,3,3,3,4,1,1,3,2,4,3,4,4,2,3,3,3,1,2,1,1,3,3,3,3,3,2,3,2,Male,Second year
123,3,3,3,3,4,3,4,4,1,2,2,3,3,4,4,4,3,4,4,3,3,3,3,3,3,3,3,3,Female,Second year
124,2,3,3,3,3,3,4,3,4,2,3,3,2,3,3,3,2,3,2,2,3,2,3,3,3,3,3,3,Male,Fourth year
125,4,4,3,4,2,2,3,3,3,3,3,3,3,3,3,3,4,5,4,4,2,2,3,3,3,3,2,3,Female,First year
126,3,2,2,2,3,3,3,3,4,3,3,4,4,3,3,3,4,4,3,4,3,3,3,3,4,3,4,4,Female,Second year
127,3,3,4,2,2,2,3,3,3,3,3,3,2,2,3,3,4,4,5,4,3,3,4,4,3,3,3,3,Female,Second year
128,3,3,3,2,3,3,4,4,4,3,3,3,4,3,3,2,4,3,3,4,3,3,3,3,3,2,3,4,Male,Second year
129,5,5,4,5,3,4,4,4,4,3,5,3,4,2,3,3,4,4,3,4,4,5,4,4,4,4,4,4,Male,Fourth year
130,2,3,3,3,3,3,4,4,4,3,4,4,4,4,3,3,3,4,4,3,4,5,4,4,3,4,3,3,Female,Second year
131,2,2,2,1,2,2,3,3,4,2,3,4,2,3,3,3,3,3,3,3,3,3,4,4,4,3,3,4,Female,First year
132,2,3,3,2,3,2,3,3,4,3,3,3,4,3,4,4,3,2,3,3,3,4,3,3,2,3,3,3,Male,Third year
133,3,3,3,4,2,3,3,3,3,2,3,2,4,3,4,3,2,4,4,5,2,2,3,3,2,3,3,2,Male,First year
134,3,3,3,3,2,3,3,3,2,2,2,3,3,2,3,3,4,3,3,4,2,2,2,2,2,2,3,2,Female,Second year
135,4,3,4,3,3,3,3,3,2,2,2,2,3,4,4,4,3,3,3,3,3,3,3,3,3,3,3,4,Male,Fourth year
136,4,4,5,4,3,4,4,4,4,3,4,4,3,4,4,4,3,3,4,3,3,4,3,3,3,3,4,4,Female,First year
137,3,4,3,3,4,3,4,3,3,2,3,3,4,4,3,4,2,2,2,2,3,3,4,4,3,2,3,2,Male,Fourth year
138,2,3,2,3,3,3,4,3,3,3,3,3,3,3,2,3,2,2,3,2,2,3,2,2,2,3,3,3,Female,Second year
139,3,3,3,3,2,2,3,2,5,4,3,5,3,3,3,3,3,3,3,3,2,3,3,3,3,3,3,3,Male,Second year
140,3,4,3,3,3,2,3,3,3,2,3,3,4,4,3,3,3,3,4,3,3,3,3,3,4,3,3,4,Male,Second year
141,4,4,3,4,2,3,4,4,3,2,3,3,3,3,4,3,4,3,4,4,4,4,4,4,3,4,4,3,Male,First year
142,4,4,3,4,4,3,3,4,3,2,3,3,2,3,3,3,2,2,3,2,3,3,3,3,4,4,3,2,Female,Fourth year
143,3,4,4,4,3,3,3,3,4,4,4,5,4,4,5,4,3,3,4,3,4,4,5,5,4,4,4,3,Male,First year
144,3,1,2,3,2,3,3,3,3,2,3,3,3,4,4,3,4,4,4,4,3,3,3,3,3,3,3,3,Female,First year
145,3,2,2,3,2,3,3,3,3,3,3,3,3,3,2,3,3,2,3,3,3,3,3,3,3,4,3,3,Male,Third year
146,4,4,3,4,3,3,3,4,5,3,4,4,4,4,4,3,2,2,2,2,3,4,4,4,3,4,4,3,Male,First year
147,3,3,3,4,2,2,3,3,3,3,3,3,3,3,3,3,2,2,2,2,3,3,2,2,3,3,3,2,Male,Second year
148,3,2,3,3,2,1,3,2,3,3,4,4,3,3,2,2,3,4,3,3,1,2,2,2,1,2,2,2,Female,Third year
149,5,5,4,4,3,2,3,4,3,3,3,3,4,3,4,4,4,4,3,4,4,4,4,4,4,4,4,5,Female,Fourth year
150,3,3,3,2,3,3,3,4,3,2,3,3,3,4,4,3,5,4,4,3,3,4,3,3,3,4,3,4,Female,Second year
151,3,4,4,3,3,3,3,3,5,4,4,4,3,4,4,4,3,3,3,3,4,4,4,4,4,4,4,3,Female,Second year
152,3,3,3,3,3,3,3,3,3,3,3,4,3,3,3,3,4,3,3,4,3,4,4,4,3,3,3,4,Female,Fourth year
153,4,4,4,4,2,4,4,4,4,3,4,5,4,4,4,4,4,3,4,4,5,5,5,5,4,4,5,4,Male,Third year
154,3,3,4,4,2,3,3,3,3,3,3,3,3,3,3,3,4,4,3,4,3,3,3,3,2,2,1,2,Female,Second year
155,3,4,3,4,2,3,4,4,4,4,4,4,4,3,3,4,4,4,4,4,4,4,4,4,4,4,3,4,Female,Third year
156,3,4,3,3,3,3,3,4,3,2,2,3,2,3,2,2,4,4,3,4,4,4,4,4,4,4,5,3,Male,Second year
157,3,5,4,4,3,2,3,4,3,2,3,3,4,4,4,4,4,4,4,4,3,4,3,3,4,5,3,4,Male,Fourth year
158,4,3,4,3,3,2,3,2,3,3,2,3,3,3,3,3,2,2,3,2,3,3,2,2,3,3,3,2,Female,Third year
159,4,3,4,3,3,2,3,3,3,3,3,3,3,3,3,3,4,4,4,4,3,3,3,3,3,3,3,3,Male,Third year
160,2,3,2,3,3,3,4,4,3,3,3,3,3,3,3,2,4,4,3,2,2,3,2,2,2,2,3,3,Female,Third year
161,3,4,4,4,3,3,4,4,4,4,4,4,4,4,4,4,3,3,3,3,4,4,3,4,3,4,4,4,Female,Second year
162,3,3,3,2,2,2,3,3,3,3,4,3,3,3,3,3,3,4,4,3,3,3,3,3,2,3,3,3,Male,Fourth year
163,3,3,3,3,2,3,3,4,3,3,3,4,4,3,3,3,5,3,4,2,3,4,3,3,4,3,4,4,Male,Second year
164,4,4,4,4,3,2,3,2,3,3,3,4,4,3,3,3,3,4,4,3,3,3,3,3,3,3,3,3,Male,Second year
165,4,4,4,4,4,4,5,4,5,3,5,3,4,4,3,4,4,4,4,4,5,5,5,5,3,4,4,4,Male,Third year
166,3,2,2,3,2,3,3,2,2,2,3,3,3,4,3,3,4,5,4,4,3,2,3,3,3,2,3,3,Male,First year
167,3,3,3,4,2,3,4,4,3,3,4,4,3,2,2,2,3,4,4,3,3,3,4,3,3,4,3,3,Male,Second year
168,2,2,2,3,3,2,3,3,1,2,2,2,4,3,4,3,4,4,4,4,2,3,2,2,3,3,3,4,Male,Third year
169,4,3,3,3,2,3,3,2,4,3,3,4,3,4,4,3,3,4,3,3,4,3,4,4,3,3,3,3,Female,First year
170,4,3,3,4,2,2,3,3,3,3,3,3,3,2,2,2,3,4,4,3,4,3,3,4,3,3,4,3,Male,Third year
171,3,2,3,3,3,3,3,4,3,3,3,3,2,2,3,2,3,3,3,3,4,3,3,4,3,3,3,2,Female,Third year
172,2,3,3,3,4,3,3,3,2,1,2,3,3,4,3,2,3,3,4,3,4,3,3,4,2,2,2,3,Female,Fourth year
173,4,5,4,4,3,2,4,4,3,3,3,3,4,4,4,4,4,4,4,3,4,3,4,4,4,4,3,3,Female,Third year
174,2,3,3,3,3,3,4,4,4,3,3,4,2,3,4,3,3,3,3,3,3,3,4,3,3,3,3,3,Female,First year
175,4,4,3,3,3,3,4,3,3,2,3,3,3,3,3,3,4,4,4,4,3,3,3,3,3,3,4,3,Male,Third year
176,4,4,3,4,3,3,3,3,4,4,4,4,3,3,2,2,3,4,3,3,4,4,4,4,3,3,3,3,Female,Third year
177,3,3,4,4,3,3,4,4,2,1,1,2,3,4,4,3,4,3,3,4,3,4,4,3,4,4,3,3,Male,Third year
178,4,4,3,3,4,4,5,4,3,4,3,4,3,3,3,3,3,3,3,3,4,4,4,4,4,4,4,4,Female,Fourth year
179,4,3,4,4,3,3,4,4,3,3,3,4,4,4,4,3,4,4,4,4,5,4,4,5,5,4,4,3,Female,Second year
180,4,4,4,4,3,3,4,4,4,4,5,4,4,4,4,4,4,4,4,4,5,4,4,5,4,5,5,4,Male,Second year
181,4,3,3,3,4,4,5,5,4,3,3,4,4,5,5,4,4,4,4,4,4,4,4,4,4,5,4,4,Male,First year
182,5,4,4,4,2,3,3,3,3,2,3,4,3,3,3,3,4,4,4,4,3,4,4,3,4,3,3,4,Male,Fourth year
183,3,2,3,3,3,3,3,4,3,3,3,3,3,4,2,4,3,3,4,3,3,3,3,3,3,2,3,4,Female,Second year
184,5,4,3,5,3,3,3,4,5,4,5,4,3,4,3,5,4,4,4,4,3,3,4,3,4,3,4,4,Female,First year
185,3,3,3,3,2,3,3,3,4,2,3,3,4,4,3,4,4,3,4,4,2,3,2,2,4,4,4,3,Male,Second year
186,3,3,3,3,3,2,3,3,4,4,4,4,4,4,4,4,2,4,4,4,5,4,5,5,4,3,4,5,Female,Second year
187,4,4,3,5,3,4,5,4,4,3,3,3,4,3,4,3,4,4,4,4,4,3,3,4,4,5,4,4,Male,Second year
188,3,4,4,4,3,3,4,4,4,3,4,4,3,4,3,3,3,3,4,3,4,4,3,4,3,3,3,3,Female,First year
189,3,2,3,3,3,3,4,4,3,2,3,3,3,3,3,3,4,3,4,4,5,3,3,5,3,3,3,4,Male,First year
190,3,4,4,4,2,3,3,3,4,3,4,3,3,3,3,3,3,3,3,3,2,2,3,2,3,2,3,2,Male,First year
191,3,3,3,3,3,4,4,4,4,3,3,3,3,3,3,3,4,4,4,4,3,3,3,3,4,4,4,4,Male,Third year
192,3,3,3,2,3,4,4,4,3,2,3,3,3,3,4,3,2,3,3,2,4,5,4,4,4,4,4,4,Male,Fourth year
193,3,3,4,3,3,4,3,4,5,5,5,5,3,3,3,3,4,4,3,4,3,3,3,3,4,4,3,4,Male,Fourth year
194,3,3,3,3,3,3,4,4,4,3,4,3,3,3,3,3,4,4,4,4,4,3,4,4,3,3,3,4,Female,Second year
195,4,4,4,4,2,2,2,2,3,3,3,3,3,2,3,3,2,3,2,2,1,3,3,1,2,2,3,3,Male,Third year
196,2,2,2,2,2,2,2,3,4,2,3,4,2,2,3,2,4,5,4,4,3,2,2,3,2,2,2,3,Female,Fourth year
197,3,3,4,3,2,2,2,2,2,2,2,3,3,3,4,3,2,3,3,3,3,2,2,3,2,3,3,3,Male,Second year
198,3,3,4,4,3,4,4,4,5,4,5,4,5,5,4,4,4,3,3,4,5,5,5,5,5,4,5,5,Male,Fourth year
199,4,4,3,3,2,3,3,4,3,2,2,2,3,3,3,3,2,4,4,4,3,2,3,3,3,3,3,3,Male,Fourth year
200,3,3,4,3,2,2,2,3,3,3,3,4,4,4,4,3,3,2,3,3,2,2,3,2,3,3,3,3,Female,Third year
201,4,4,4,3,3,3,4,4,5,3,4,4,4,5,5,4,4,4,3,4,4,4,3,4,4,4,3,4,Female,Third year
202,4,3,3,3,3,4,4,4,3,2,3,3,3,4,3,3,3,3,3,3,3,3,3,3,4,3,4,4,Male,Third year
203,4,4,5,4,3,3,3,4,4,4,4,4,4,3,3,4,4,4,5,4,4,3,4,4,4,5,5,4,Female,Second year
204,3,4,3,3,3,3,3,3,3,3,3,3,5,4,3,4,4,3,4,4,3,3,4,4,3,4,3,3,Male,Third year
205,4,3,3,3,2,3,3,3,3,2,3,3,3,3,4,3,3,4,4,3,3,3,3,3,3,4,3,3,Female,Third year
206,3,3,3,3,3,3,3,3,3,2,3,2,3,4,4,4,3,3,3,3,3,2,2,2,3,3,4,3,Female,Second year
207,3,3,3,4,1,1,3,2,4,3,4,4,2,3,3,3,1,2,1,1,3,3,3,3,3,2,3,2,Female,Second year
208,3,3,3,3,4,3,4,4,1,2,2,3,3,4,4,4,3,4,4,3,3,3,3,3,3,3,3,3,Male,Fourth year
209,2,3,3,3,3,3,4,3,4,2,3,3,2,3,3,3,2,3,2,2,3,2,3,3,3,3,3,3,Female,Fourth year
210,4,4,3,4,2,2,3,3,3,3,3,3,3,3,3,3,4,5,4,4,2,2,3,3,3,3,2,3,Male,Second year
211,3,2,2,2,3,3,3,3,4,3,3,4,4,3,3,3,4,4,3,4,3,3,3,3,4,3,4,4,Female,Third year
212,3,3,4,2,2,2,3,3,3,3,3,3,2,2,3,3,4,4,5,4,3,3,4,4,3,3,3,3,Female,First year
213,3,3,3,2,3,3,4,4,4,3,3,3,4,3,3,2,4,3,3,4,3,3,3,3,3,2,3,4,Male,Third year
214,5,5,4,5,3,4,4,4,4,3,5,3,4,2,3,3,4,4,3,4,4,5,4,4,4,4,4,4,Male,Fourth year
215,2,3,3,3,3,3,4,4,4,3,4,4,4,4,3,3,3,4,4,3,4,5,4,4,3,4,3,3,Female,Third year
216,2,2,2,1,2,2,3,3,4,2,3,4,2,3,3,3,3,3,3,3,3,3,4,4,4,3,3,4,Female,Third year
217,2,3,3,2,3,2,3,3,4,3,3,3,4,3,4,4,3,2,3,3,3,4,3,3,2,3,3,3,Female,Third year
218,3,3,3,4,2,3,3,3,3,2,3,2,4,3,4,3,2,4,4,5,2,2,3,3,2,3,3,2,Male,Fourth year
219,3,3,3,3,2,3,3,3,2,2,2,3,3,2,3,3,4,3,3,4,2,2,2,2,2,2,3,2,Female,Second year
220,4,3,4,3,3,3,3,3,2,2,2,2,3,4,4,4,3,3,3,3,3,3,3,3,3,3,3,4,Male,Third year
221,4,4,5,4,3,4,4,4,4,3,4,4,3,4,4,4,3,3,4,3,3,4,3,3,3,3,4,4,Male,Second year
222,3,4,3,3,4,3,4,3,3,2,3,3,4,4,3,4,2,2,2,2,3,3,4,4,3,2,3,2,Female,Fourth year
223,2,3,2,3,3,3,4,3,3,3,3,3,3,3,2,3,2,2,3,2,2,3,2,2,2,3,3,3,Female,First year
224,3,3,3,3,2,2,3,2,5,4,3,5,3,3,3,3,3,3,3,3,2,3,3,3,3,3,3,3,Female,Third year
225,3,4,3,3,3,2,3,3,3,2,3,3,4,4,3,3,3,3,4,3,3,3,3,3,4,3,3,4,Male,First year
226,4,4,3,4,2,3,4,4,3,2,3,3,3,3,4,3,4,3,4,4,4,4,4,4,3,4,4,3,Male,Fourth year
227,4,4,3,4,4,3,3,4,3,2,3,3,2,3,3,3,2,2,3,2,3,3,3,3,4,4,3,2,Female,First year
228,3,4,4,4,3,3,3,3,4,4,4,5,4,4,5,4,3,3,4,3,4,4,5,5,4,4,4,3,Female,Third year
229,3,1,2,3,2,3,3,3,3,2,3,3,3,4,4,3,4,4,4,4,3,3,3,3,3,3,3,3,Female,Second year
230,3,2,2,3,2,3,3,3,3,3,3,3,3,3,2,3,3,2,3,3,3,3,3,3,3,4,3,3,Female,First year
231,4,4,3,4,3,3,3,4,5,3,4,4,4,4,4,3,2,2,2,2,3,4,4,4,3,4,4,3,Male,First year
232,3,3,3,4,2,2,3,3,3,3,3,3,3,3,3,3,2,2,2,2,3,3,2,2,3,3,3,2,Male,First year
233,3,2,3,3,2,1,3,2,3,3,4,4,3,3,2,2,3,4,3,3,1,2,2,2,1,2,2,2,Male,Second year
234,5,5,4,4,3,2,3,4,3,3,3,3,4,3,4,4,4,4,3,4,4,4,4,4,4,4,4,5,Male,Second year
235,3,3,3,2,3,3,3,4,3,2,3,3,3,4,4,3,5,4,4,3,3,4,3,3,3,4,3,4,Female,Fourth year
236,3,4,4,3,3,3,3,3,5,4,4,4,3,4,4,4,3,3,3,3,4,4,4,4,4,4,4,3,Female,Third year
237,3,3,3,3,3,3,3,3,3,3,3,4,3,3,3,3,4,3,3,4,3,4,4,4,3,3,3,4,Female,Second year
238,4,4,4,4,2,4,4,4,4,3,4,5,4,4,4,4,4,3,4,4,5,5,5,5,4,4,5,4,Female,Third year
239,3,3,4,4,2,3,3,3,3,3,3,3,3,3,3,3,4,4,3,4,3,3,3,3,2,2,1,2,Female,Fourth year
240,3,4,3,4,2,3,4,4,4,4,4,4,4,3,3,4,4,4,4,4,4,4,4,4,4,4,3,4,Female,First year
241,3,4,3,3,3,3,3,4,3,2,2,3,2,3,2,2,4,4,3,4,4,4,4,4,4,4,5,3,Male,First year
242,3,5,4,4,3,2,3,4,3,2,3,3,4,4,4,4,4,4,4,4,3,4,3,3,4,5,3,4,Female,Second year
243,4,3,4,3,3,2,3,2,3,3,2,3,3,3,3,3,2,2,3,2,3,3,2,2,3,3,3,2,Female,Third year
244,4,3,4,3,3,2,3,3,3,3,3,3,3,3,3,3,4,4,4,4,3,3,3,3,3,3,3,3,Female,Third year
245,2,3,2,3,3,3,4,4,3,3,3,3,3,3,3,2,4,4,3,2,2,3,2,2,2,2,3,3,Male,Second year
246,3,4,4,4,3,3,4,4,4,4,4,4,4,4,4,4,3,3,3,3,4,4,3,4,3,4,4,4,Female,First year
247,3,3,3,2,2,2,3,3,3,3,4,3,3,3,3,3,3,4,4,3,3,3,3,3,2,3,3,3,Female,Third year
248,3,3,3,3,2,3,3,4,3,3,3,4,4,3,3,3,5,3,4,2,3,4,3,3,4,3,4,4,Male,Fourth year
249,4,4,4,4,3,2,3,2,3,3,3,4,4,3,3,3,3,4,4,3,3,3,3,3,3,3,3,3,Female,Second year
250,4,4,4,4,4,4,5,4,5,3,5,3,4,4,3,4,4,4,4,4,5,5,5,5,3,4,4,4,Female,Third year
251,3,2,2,3,2,3,3,2,2,2,3,3,3,4,3,3,4,5,4,4,3,2,3,3,3,2,3,3,Male,Fourth year
252,3,3,3,4,2,3,4,4,3,3,4,4,3,2,2,2,3,4,4,3,3,3,4,3,3,4,3,3,Male,Fourth year
253,2,2,2,3,3,2,3,3,1,2,2,2,4,3,4,3,4,4,4,4,2,3,2,2,3,3,3,4,Female,Fourth year
254,4,3,3,3,2,3,3,2,4,3,3,4,3,4,4,3,3,4,3,3,4,3,4,4,3,3,3,3,Male,Third year
255,4,3,3,4,2,2,3,3,3,3,3,3,3,2,2,2,3,4,4,3,4,3,3,4,3,3,4,3,Female,Second year
256,3,2,3,3,3,3,3,4,3,3,3,3,2,2,3,2,3,3,3,3,4,3,3,4,3,3,3,2,Male,Third year
257,2,3,3,3,4,3,3,3,2,1,2,3,3,4,3,2,3,3,4,3,4,3,3,4,2,2,2,3,Female,Second year
258,4,5,4,4,3,2,4,4,3,3,3,3,4,4,4,4,4,4,4,3,4,3,4,4,4,4,3,3,Male,Second year
259,2,3,3,3,3,3,4,4,4,3,3,4,2,3,4,3,3,3,3,3,3,3,4,3,3,3,3,3,Female,Fourth year
260,4,4,3,3,3,3,4,3,3,2,3,3,3,3,3,3,4,4,4,4,3,3,3,3,3,3,4,3,Female,Third year
261,4,4,3,4,3,3,3,3,4,4,4,4,3,3,2,2,3,4,3,3,4,4,4,4,3,3,3,3,Female,Fourth year
262,3,3,4,4,3,3,4,4,2,1,1,2,3,4,4,3,4,3,3,4,3,4,4,3,4,4,3,3,Male,First year
263,4,4,3,3,4,4,5,4,3,4,3,4,3,3,3,3,3,3,3,3,4,4,4,4,4,4,4,4,Male,Second year
264,4,3,4,4,3,3,4,4,3,3,3,4,4,4,4,3,4,4,4,4,5,4,4,5,5,4,4,3,Female,Second year
265,4,4,4,4,3,3,4,4,4,4,5,4,4,4,4,4,4,4,4,4,5,4,4,5,4,5,5,4,Male,First year
266,4,3,3,3,4,4,5,5,4,3,3,4,4,5,5,4,4,4,4,4,4,4,4,4,4,5,4,4,Female,Fourth year
267,5,4,4,4,2,3,3,3,3,2,3,4,3,3,3,3,4,4,4,4,3,4,4,3,4,3,3,4,Female,Fourth year
268,3,2,3,3,3,3,3,4,3,3,3,3,3,4,2,4,3,3,4,3,3,3,3,3,3,2,3,4,Female,First year
269,5,4,3,5,3,3,3,4,5,4,5,4,3,4,3,5,4,4,4,4,3,3,4,3,4,3,4,4,Female,Second year
270,3,3,3,3,2,3,3,3,4,2,3,3,4,4,3,4,4,3,4,4,2,3,2,2,4,4,4,3,Female,Second year
271,3,3,3,3,3,2,3,3,4,4,4,4,4,4,4,4,2,4,4,4,5,4,5,5,4,3,4,5,Female,Third year
272,4,4,3,5,3,4,5,4,4,3,3,3,4,3,4,3,4,4,4,4,4,3,3,4,4,5,4,4,Male,First year
273,3,4,4,4,3,3,4,4,4,3,4,4,3,4,3,3,3,3,4,3,4,4,3,4,3,3,3,3,Male,First year
274,3,2,3,3,3,3,4,4,3,2,3,3,3,3,3,3,4,3,4,4,5,3,3,5,3,3,3,4,Male,First year
275,3,4,4,4,2,3,3,3,4,3,4,3,3,3,3,3,3,3,3,3,2,2,3,2,3,2,3,2,Female,Third year
276,3,3,3,3,3,4,4,4,4,3,3,3,3,3,3,3,4,4,4,4,3,3,3,3,4,4,4,4,Female,Fourth year
277,3,3,3,2,3,4,4,4,3,2,3,3,3,3,4,3,2,3,3,2,4,5,4,4,4,4,4,4,Female,Second year
278,3,3,4,3,3,4,3,4,5,5,5,5,3,3,3,3,4,4,3,4,3,3,3,3,4,4,3,4,Female,Fourth year
279,3,3,3,3,3,3,4,4,4,3,4,3,3,3,3,3,4,4,4,4,4,3,4,4,3,3,3,4,Male,Third year
280,4,4,4,4,2,2,2,2,3,3,3,3,3,2,3,3,2,3,2,2,1,3,3,1,2,2,3,3,Male,Fourth year
281,2,2,2,2,2,2,2,3,4,2,3,4,2,2,3,2,4,5,4,4,3,2,2,3,2,2,2,3,Female,Third year
282,3,3,4,3,2,2,2,2,2,2,2,3,3,3,4,3,2,3,3,3,3,2,2,3,2,3,3,3,Female,Fourth year
283,3,3,4,4,3,4,4,4,5,4,5,4,5,5,4,4,4,3,3,4,5,5,5,5,5,4,5,5,Female,Third year
284,4,4,3,3,2,3,3,4,3,2,2,2,3,3,3,3,2,4,4,4,3,2,3,3,3,3,3,3,Male,Fourth year
285,3,3,4,3,2,2,2,3,3,3,3,4,4,4,4,3,3,2,3,3,2,2,3,2,3,3,3,3,Female,First year
286,4,4,4,3,3,3,4,4,5,3,4,4,4,5,5,4,4,4,3,4,4,4,3,4,4,4,3,4,Male,Third year
287,4,3,3,3,3,4,4,4,3,2,3,3,3,4,3,3,3,3,3,3,3,3,3,3,4,3,4,4,Male,First year
288,4,4,5,4,3,3,3,4,4,4,4,4,4,3,3,4,4,4,5,4,4,3,4,4,4,5,5,4,Female,Fourth year
289,3,4,3,3,3,3,3,3,3,3,3,3,5,4,3,4,4,3,4,4,3,3,4,4,3,4,3,3,Female,Fourth year
290,4,3,3,3,2,3,3,3,3,2,3,3,3,3,4,3,3,4,4,3,3,3,3,3,3,4,3,3,Male,First year
291,3,3,3,3,3,3,3,3,3,2,3,2,3,4,4,4,3,3,3,3,3,2,2,2,3,3,4,3,Male,Fourth year
292,3,3,3,4,1,1,3,2,4,3,4,4,2,3,3,3,1,2,1,1,3,3,3,3,3,2,3,2,Female,Third year
293,3,3,3,3,4,3,4,4,1,2,2,3,3,4,4,4,3,4,4,3,3,3,3,3,3,3,3,3,Female,Third year
294,2,3,3,3,3,3,4,3,4,2,3,3,2,3,3,3,2,3,2,2,3,2,3,3,3,3,3,3,Female,Fourth year
295,4,4,3,4,2,2,3,3,3,3,3,3,3,3,3,3,4,5,4,4,2,2,3,3,3,3,2,3,Male,Second year
296,3,2,2,2,3,3,3,3,4,3,3,4,4,3,3,3,4,4,3,4,3,3,3,3,4,3,4,4,Male,Fourth year
297,3,3,4,2,2,2,3,3,3,3,3,3,2,2,3,3,4,4,5,4,3,3,4,4,3,3,3,3,Male,Second year
298,3,3,3,2,3,3,4,4,4,3,3,3,4,3,3,2,4,3,3,4,3,3,3,3,3,2,3,4,Male,First year
299,5,5,4,5,3,4,4,4,4,3,5,3,4,2,3,3,4,4,3,4,4,5,4,4,4,4,4,4,Female,Third year
300,2,3,3,3,3,3,4,4,4,3,4,4,4,4,3,3,3,4,4,3,4,5,4,4,3,4,3,3,Male,Fourth year
301,2,2,2,1,2,2,3,3,4,2,3,4,2,3,3,3,3,3,3,3,3,3,4,4,4,3,3,4,Female,Fourth year
302,2,3,3,2,3,2,3,3,4,3,3,3,4,3,4,4,3,2,3,3,3,4,3,3,2,3,3,3,Female,Fourth year
303,3,3,3,4,2,3,3,3,3,2,3,2,4,3,4,3,2,4,4,5,2,2,3,3,2,3,3,2,Male,Fourth year
304,3,3,3,3,2,3,3,3,2,2,2,3,3,2,3,3,4,3,3,4,2,2,2,2,2,2,3,2,Female,Second year
305,4,3,4,3,3,3,3,3,2,2,2,2,3,4,4,4,3,3,3,3,3,3,3,3,3,3,3,4,Male,Second year
306,4,4,5,4,3,4,4,4,4,3,4,4,3,4,4,4,3,3,4,3,3,4,3,3,3,3,4,4,Male,Third year
307,3,4,3,3,4,3,4,3,3,2,3,3,4,4,3,4,2,2,2,2,3,3,4,4,3,2,3,2,Female,Second year
308,2,3,2,3,3,3,4,3,3,3,3,3,3,3,2,3,2,2,3,2,2,3,2,2,2,3,3,3,Male,Second year
309,3,3,3,3,2,2,3,2,5,4,3,5,3,3,3,3,3,3,3,3,2,3,3,3,3,3,3,3,Male,Second year
310,3,4,3,3,3,2,3,3,3,2,3,3,4,4,3,3,3,3,4,3,3,3,3,3,4,3,3,4,Female,Fourth year
311,4,4,3,4,2,3,4,4,3,2,3,3,3,3,4,3,4,3,4,4,4,4,4,4,3,4,4,3,Female,First year
312,4,4,3,4,4,3,3,4,3,2,3,3,2,3,3,3,2,2,3,2,3,3,3,3,4,4,3,2,Male,First year
313,3,4,4,4,3,3,3,3,4,4,4,5,4,4,5,4,3,3,4,3,4,4,5,5,4,4,4,3,Female,Fourth year
314,3,1,2,3,2,3,3,3,3,2,3,3,3,4,4,3,4,4,4,4,3,3,3,3,3,3,3,3,Female,Third year
315,3,2,2,3,2,3,3,3,3,3,3,3,3,3,2,3,3,2,3,3,3,3,3,3,3,4,3,3,Male,Fourth year
316,4,4,3,4,3,3,3,4,5,3,4,4,4,4,4,3,2,2,2,2,3,4,4,4,3,4,4,3,Female,Fourth year
317,3,3,3,4,2,2,3,3,3,3,3,3,3,3,3,3,2,2,2,2,3,3,2,2,3,3,3,2,Male,First year
318,3,2,3,3,2,1,3,2,3,3,4,4,3,3,2,2,3,4,3,3,1,2,2,2,1,2,2,2,Female,First year
319,5,5,4,4,3,2,3,4,3,3,3,3,4,3,4,4,4,4,3,4,4,4,4,4,4,4,4,5,Male,Third year
320,3,3,3,2,3,3,3,4,3,2,3,3,3,4,4,3,5,4,4,3,3,4,3,3,3,4,3,4,Female,Third year
321,3,4,4,3,3,3,3,3,5,4,4,4,3,4,4,4,3,3,3,3,4,4,4,4,4,4,4,3,Female,First year
322,3,3,3,3,3,3,3,3,3,3,3,4,3,3,3,3,4,3,3,4,3,4,4,4,3,3,3,4,Male,Third year
323,4,4,4,4,2,4,4,4,4,3,4,5,4,4,4,4,4,3,4,4,5,5,5,5,4,4,5,4,Female,Second year
324,3,3,4,4,2,3,3,3,3,3,3,3,3,3,3,3,4,4,3,4,3,3,3,3,2,2,1,2,Male,Second year
325,3,4,3,4,2,3,4,4,4,4,4,4,4,3,3,4,4,4,4,4,4,4,4,4,4,4,3,4,Male,Third year
326,3,4,3,3,3,3,3,4,3,2,2,3,2,3,2,2,4,4,3,4,4,4,4,4,4,4,5,3,Male,Third year
327,3,5,4,4,3,2,3,4,3,2,3,3,4,4,4,4,4,4,4,4,3,4,3,3,4,5,3,4,Female,Fourth year
328,4,3,4,3,3,2,3,2,3,3,2,3,3,3,3,3,2,2,3,2,3,3,2,2,3,3,3,2,Male,Second year
329,4,3,4,3,3,2,3,3,3,3,3,3,3,3,3,3,4,4,4,4,3,3,3,3,3,3,3,3,Male,First year
330,2,3,2,3,3,3,4,4,3,3,3,3,3,3,3,2,4,4,3,2,2,3,2,2,2,2,3,3,Female,Second year
331,2,3,3,3,3,3,4,4,4,3,4,4,4,4,3,3,3,4,4,3,4,5,4,4,3,4,3,3,Female,Fourth year
332,2,2,2,1,2,2,3,3,4,2,3,4,2,3,3,3,3,3,3,3,3,3,4,4,4,3,3,4,Male,Fourth year
333,2,3,3,2,3,2,3,3,4,3,3,3,4,3,4,4,3,2,3,3,3,4,3,3,2,3,3,3,Female,Fourth year
334,3,3,3,4,2,3,3,3,3,2,3,2,4,3,4,3,2,4,4,5,2,2,3,3,2,3,3,2,Male,Third year
335,3,3,3,3,2,3,3,3,2,2,2,3,3,2,3,3,4,3,3,4,2,2,2,2,2,2,3,2,Male,Second year
336,4,3,4,3,3,3,3,3,2,2,2,2,3,4,4,4,3,3,3,3,3,3,3,3,3,3,3,4,Male,Third year
337,4,4,5,4,3,4,4,4,4,3,4,4,3,4,4,4,3,3,4,3,3,4,3,3,3,3,4,4,Female,Second year
338,3,4,3,3,4,3,4,3,3,2,3,3,4,4,3,4,2,2,2,2,3,3,4,4,3,2,3,2,Male,Third year
339,2,3,2,3,3,3,4,3,3,3,3,3,3,3,2,3,2,2,3,2,2,3,2,2,2,3,3,3,Female,Third year
340,3,3,3,3,2,2,3,2,5,4,3,5,3,3,3,3,3,3,3,3,2,3,3,3,3,3,3,3,Male,Fourth year
341,3,4,3,3,3,2,3,3,3,2,3,3,4,4,3,3,3,3,4,3,3,3,3,3,4,3,3,4,Female,First year
342,4,4,3,4,2,3,4,4,3,2,3,3,3,3,4,3,4,3,4,4,4,4,4,4,3,4,4,3,Male,Second year
343,4,4,3,4,4,3,3,4,3,2,3,3,2,3,3,3,2,2,3,2,3,3,3,3,4,4,3,2,Male,Third year
344,3,4,4,4,3,3,3,3,4,4,4,5,4,4,5,4,3,3,4,3,4,4,5,5,4,4,4,3,Female,Third year
345,3,1,2,3,2,3,3,3,3,2,3,3,3,4,4,3,4,4,4,4,3,3,3,3,3,3,3,3,Female,Fourth year
346,3,2,2,3,2,3,3,3,3,3,3,3,3,3,2,3,3,2,3,3,3,3,3,3,3,4,3,3,Female,First year
347,4,4,3,4,3,3,3,4,5,3,4,4,4,4,4,3,2,2,2,2,3,4,4,4,3,4,4,3,Male,Second year
348,3,3,3,4,2,2,3,3,3,3,3,3,3,3,3,3,2,2,2,2,3,3,2,2,3,3,3,2,Female,Third year
349,3,2,3,3,2,1,3,2,3,3,4,4,3,3,2,2,3,4,3,3,1,2,2,2,1,2,2,2,Male,Second year
350,5,5,4,4,3,2,3,4,3,3,3,3,4,3,4,4,4,4,3,4,4,4,4,4,4,4,4,5,Male,Fourth year
351,3,3,3,2,3,3,3,4,3,2,3,3,3,4,4,3,5,4,4,3,3,4,3,3,3,4,3,4,Female,Third year
352,3,4,4,3,3,3,3,3,5,4,4,4,3,4,4,4,3,3,3,3,4,4,4,4,4,4,4,3,Male,Fourth year
353,3,3,3,3,3,3,3,3,3,3,3,4,3,3,3,3,4,3,3,4,3,4,4,4,3,3,3,4,Female,Fourth year
354,4,4,4,4,2,4,4,4,4,3,4,5,4,4,4,4,4,3,4,4,5,5,5,5,4,4,5,4,Male,Fourth year
355,3,3,4,4,2,3,3,3,3,3,3,3,3,3,3,3,4,4,3,4,3,3,3,3,2,2,1,2,Female,First year
356,3,4,3,4,2,3,4,4,4,4,4,4,4,3,3,4,4,4,4,4,4,4,4,4,4,4,3,4,Male,Third year
357,3,4,3,3,3,3,3,4,3,2,2,3,2,3,2,2,4,4,3,4,4,4,4,4,4,4,5,3,Female,First year
358,3,5,4,4,3,2,3,4,3,2,3,3,4,4,4,4,4,4,4,4,3,4,3,3,4,5,3,4,Female,Second year
359,4,3,4,3,3,2,3,2,3,3,2,3,3,3,3,3,2,2,3,2,3,3,2,2,3,3,3,2,Male,Fourth year
360,4,3,4,3,3,2,3,3,3,3,3,3,3,3,3,3,4,4,4,4,3,3,3,3,3,3,3,3,Male,First year
361,2,3,2,3,3,3,4,4,3,3,3,3,3,3,3,2,4,4,3,2,2,3,2,2,2,2,3,3,Female,Second year
362,2,3,3,2,3,2,3,3,4,3,3,3,4,3,4,4,3,2,3,3,3,4,3,3,2,3,3,3,Male,First year
363,3,3,3,4,2,3,3,3,3,2,3,2,4,3,4,3,2,4,4,5,2,2,3,3,2,3,3,2,Male,Second year
364,3,3,3,3,2,3,3,3,2,2,2,3,3,2,3,3,4,3,3,4,2,2,2,2,2,2,3,2,Female,Fourth year
365,4,3,4,3,3,3,3,3,2,2,2,2,3,4,4,4,3,3,3,3,3,3,3,3,3,3,3,4,Female,Second year
366,4,4,5,4,3,4,4,4,4,3,4,4,3,4,4,4,3,3,4,3,3,4,3,3,3,3,4,4,Male,Second year
367,3,4,3,3,4,3,4,3,3,2,3,3,4,4,3,4,2,2,2,2,3,3,4,4,3,2,3,2,Female,Second year
368,2,3,2,3,3,3,4,3,3,3,3,3,3,3,2,3,2,2,3,2,2,3,2,2,2,3,3,3,Male,Third year
369,3,3,3,3,2,2,3,2,5,4,3,5,3,3,3,3,3,3,3,3,2,3,3,3,3,3,3,3,Male,Fourth year
370,3,4,3,3,3,2,3,3,3,2,3,3,4,4,3,3,3,3,4,3,3,3,3,3,4,3,3,4,Male,Fourth year
371,4,4,3,4,2,3,4,4,3,2,3,3,3,3,4,3,4,3,4,4,4,4,4,4,3,4,4,3,Male,Third year
372,4,4,3,4,4,3,3,4,3,2,3,3,2,3,3,3,2,2,3,2,3,3,3,3,4,4,3,2,Male,Fourth year
373,3,4,4,4,3,3,3,3,4,4,4,5,4,4,5,4,3,3,4,3,4,4,5,5,4,4,4,3,Female,Fourth year
374,3,1,2,3,2,3,3,3,3,2,3,3,3,4,4,3,4,4,4,4,3,3,3,3,3,3,3,3,Female,Fourth year
375,3,2,2,3,2,3,3,3,3,3,3,3,3,3,2,3,3,2,3,3,3,3,3,3,3,4,3,3,Male,Third year
376,4,4,3,4,3,3,3,4,5,3,4,4,4,4,4,3,2,2,2,2,3,4,4,4,3,4,4,3,Male,Second year
377,3,3,3,4,2,2,3,3,3,3,3,3,3,3,3,3,2,2,2,2,3,3,2,2,3,3,3,2,Female,Third year
378,3,2,3,3,2,1,3,2,3,3,4,4,3,3,2,2,3,4,3,3,1,2,2,2,1,2,2,2,Female,Third year
379,5,5,4,4,3,2,3,4,3,3,3,3,4,3,4,4,4,4,3,4,4,4,4,4,4,4,4,5,Male,First year
380,3,3,3,2,3,3,3,4,3,2,3,3,3,4,4,3,5,4,4,3,3,4,3,3,3,4,3,4,Male,First year
381,3,4,4,3,3,3,3,3,5,4,4,4,3,4,4,4,3,3,3,3,4,4,4,4,4,4,4,3,Female,First year
382,3,3,3,3,3,3,3,3,3,3,3,4,3,3,3,3,4,3,3,4,3,4,4,4,3,3,3,4,Female,Second year
383,4,4,4,4,2,4,4,4,4,3,4,5,4,4,4,4,4,3,4,4,5,5,5,5,4,4,5,4,Female,Fourth year
384,3,3,4,4,2,3,3,3,3,3,3,3,3,3,3,3,4,4,3,4,3,3,3,3,2,2,1,2,Male,First year
385,3,4,3,4,2,3,4,4,4,4,4,4,4,3,3,4,4,4,4,4,4,4,4,4,4,4,3,4,Female,Third year
386,3,4,3,3,3,3,3,4,3,2,2,3,2,3,2,2,4,4,3,4,4,4,4,4,4,4,5,3,Male,Fourth year
387,3,5,4,4,3,2,3,4,3,2,3,3,4,4,4,4,4,4,4,4,3,4,3,3,4,5,3,4,Male,Third year
388,4,3,4,3,3,2,3,2,3,3,2,3,3,3,3,3,2,2,3,2,3,3,2,2,3,3,3,2,Male,Fourth year
389,4,3,4,3,3,2,3,3,3,3,3,3,3,3,3,3,4,4,4,4,3,3,3,3,3,3,3,3,Male,Third year
390,2,3,2,3,3,3,4,4,3,3,3,3,3,3,3,2,4,4,3,2,2,3,2,2,2,2,3,3,Male,Fourth year
391,3,4,4,4,3,3,4,4,4,4,4,4,4,4,4,4,3,3,3,3,4,4,3,4,3,4,4,4,Male,Second year
392,3,3,3,2,2,2,3,3,3,3,4,3,3,3,3,3,3,4,4,3,3,3,3,3,2,3,3,3,Female,Fourth year
393,3,3,3,3,2,3,3,4,3,3,3,4,4,3,3,3,5,3,4,2,3,4,3,3,4,3,4,4,Female,First year
394,4,4,4,4,3,2,3,2,3,3,3,4,4,3,3,3,3,4,4,3,3,3,3,3,3,3,3,3,Female,Fourth year
395,4,4,4,4,4,4,5,4,5,3,5,3,4,4,3,4,4,4,4,4,5,5,5,5,3,4,4,4,Female,Third year
396,3,2,2,3,2,3,3,2,2,2,3,3,3,4,3,3,4,5,4,4,3,2,3,3,3,2,3,3,Female,First year
397,3,3,3,4,2,3,4,4,3,3,4,4,3,2,2,2,3,4,4,3,3,3,4,3,3,4,3,3,Male,Second year
398,2,2,2,3,3,2,3,3,1,2,2,2,4,3,4,3,4,4,4,4,2,3,2,2,3,3,3,4,Female,Third year
399,4,3,3,3,2,3,3,2,4,3,3,4,3,4,4,3,3,4,3,3,4,3,4,4,3,3,3,3,Male,First year
400,4,3,3,4,2,2,3,3,3,3,3,3,3,2,2,2,3,4,4,3,4,3,3,4,3,3,4,3,Male,Third year
401,3,2,3,3,3,3,3,4,3,3,3,3,2,2,3,2,3,3,3,3,4,3,3,4,3,3,3,2,Female,Fourth year
402,2,3,3,3,4,3,3,3,2,1,2,3,3,4,3,2,3,3,4,3,4,3,3,4,2,2,2,3,Male,Second year
403,4,5,4,4,3,2,4,4,3,3,3,3,4,4,4,4,4,4,4,3,4,3,4,4,4,4,3,3,Male,Fourth year
404,2,3,3,3,3,3,4,4,4,3,3,4,2,3,4,3,3,3,3,3,3,3,4,3,3,3,3,3,Female,Second year
